"","X","mpg","milage","maketype","car_id","region","year","price","link","make","type","dealer","sold","scrapedate"
"3",3,NA,51000,"Ford Mustang 4,7 V8 289cui. 2d",5506605,"København",1965,245000,"https://bilbasen.dk/brugt/bil/ford/mustang/47-v8-289cui-2d/5506605","Ford","Mustang",NA,0,"2022-11-08 22:29:38.772658"
"397",397,NA,1,"Ford A  Tudor Sedan 2d",5408194,"Syd- og Sønderjylland",1930,129800,"https://bilbasen.dk/brugt/bil/ford/a/tudor-sedan-2d/5408194","Ford","A",NA,0,"2022-11-08 22:29:38.772658"
"416",416,NA,90000,"Ford Mustang 4,6 GT Coupé 2d",4332937,"Syd- og Sønderjylland",2004,279900,"https://bilbasen.dk/brugt/bil/ford/mustang/46-gt-coup-2d/4332937","Ford","Mustang","38752f91-83fe-4fbd-bd73-5d065c799fcb",0,"2022-11-08 22:29:38.772658"
"650",650,NA,86000,"Ford Mustang 4,0 V6 2d",5512033,"Østjylland",2005,209800,"https://bilbasen.dk/brugt/bil/ford/mustang/40-v6-2d/5512033","Ford","Mustang",NA,0,"2022-11-08 22:29:38.772658"
"1509",1509,NA,0,"Toyota Corolla 1,6 GT 3d",5616096,"Syd- og Sønderjylland",1985,70000,"https://bilbasen.dk/brugt/bil/toyota/corolla/16-gt-3d/5616096","Toyota","Corolla",NA,0,"2022-11-08 22:29:38.772658"
"1600",1600,NA,85700,"Toyota Celica 1,6 ST 2d",5609961,"",1974,73800,"https://bilbasen.dk/brugt/bil/toyota/celica/16-st-2d/5609961","Toyota","Celica",NA,0,"2022-11-08 22:29:38.772658"
"1638",1638,NA,0,"Volvo PV444 1,4  2d",5608266,"Syd- og Sønderjylland",1953,129800,"https://bilbasen.dk/brugt/bil/volvo/pv444/14-2d/5608266","Volvo","PV444",NA,0,"2022-11-08 22:29:38.772658"
"1776",1776,NA,76000,"Volvo PV544 1,8  2d",5601766,"Østjylland",1964,54800,"https://bilbasen.dk/brugt/bil/volvo/pv544/18-2d/5601766","Volvo","PV544",NA,0,"2022-11-08 22:29:38.772658"
"1783",1783,NA,106889,"Ford Capri 2,8 Injection 3d",5599925,"Østjylland",1985,389900,"https://bilbasen.dk/brugt/bil/ford/capri/28-injection-3d/5599925","Ford","Capri",NA,0,"2022-11-08 22:29:38.772658"
"1807",1807,NA,0,"Volvo Amazon 2,0  2d",5598194,"Syd- og Sønderjylland",1969,119800,"https://bilbasen.dk/brugt/bil/volvo/amazon/20-2d/5598194","Volvo","Amazon",NA,0,"2022-11-08 22:29:38.772658"
"2254",2254,NA,97250,"Volvo P1800 1,8  2d",5553055,"",1961,299000,"https://bilbasen.dk/brugt/bil/volvo/p1800/18-2d/5553055","Volvo","P1800",NA,0,"2022-11-08 22:29:38.772658"
"2422",2422,NA,83930,"Volvo PV444 1,6 B16 2d",5511558,"",1956,61800,"https://bilbasen.dk/brugt/bil/volvo/pv444/16-b16-2d/5511558","Volvo","PV444",NA,0,"2022-11-08 22:29:38.772658"
"2431",2431,NA,52000,"Volvo 121 1,6 Amazon 4d",5509084,"Syd- og Sønderjylland",1959,169800,"https://bilbasen.dk/brugt/bil/volvo/121/16-amazon-4d/5509084","Volvo","121",NA,0,"2022-11-08 22:29:38.772658"
"2469",2469,NA,0,"Ford A 3,3 Tudor Deluxe 2d",5501099,"Syd- og Sønderjylland",1930,159800,"https://bilbasen.dk/brugt/bil/ford/a/33-tudor-deluxe-2d/5501099","Ford","A",NA,0,"2022-11-08 22:29:38.772658"
"2478",2478,NA,100,"Ford Escort 1,8 BDA 2d",5497926,"Østjylland",1971,749900,"https://bilbasen.dk/brugt/bil/ford/escort/18-bda-2d/5497926","Ford","Escort",NA,0,"2022-11-08 22:29:38.772658"
"2482",2482,NA,107,"Ford Taunus 2,0 V6 GT Coupé 2d",5497352,"Syd- og Sønderjylland",1971,149800,"https://bilbasen.dk/brugt/bil/ford/taunus/20-v6-gt-coup-2d/5497352","Ford","Taunus",NA,0,"2022-11-08 22:29:38.772658"
"2493",2493,NA,179000,"Toyota Supra 2,8i GT aut. 3d",5494741,"Østjylland",1984,199900,"https://bilbasen.dk/brugt/bil/toyota/supra/28i-gt-aut-3d/5494741","Toyota","Supra",NA,0,"2022-11-08 22:29:38.772658"
"2550",2550,NA,146000,"Ford F-250 5,8 Pick-up 2d",5474432,"Østjylland",1980,219900,"https://bilbasen.dk/brugt/bil/ford/f-250/58-pick-up-2d/5474432","Ford","F-250",NA,0,"2022-11-08 22:29:38.772658"
"2563",2563,NA,0,"Volvo 121 1,8 Amazon 2d",5470687,"Syd- og Sønderjylland",1967,119800,"https://bilbasen.dk/brugt/bil/volvo/121/18-amazon-2d/5470687","Volvo","121",NA,0,"2022-11-08 22:29:38.772658"
"2597",2597,NA,271000,"Volvo P1800 E 2,0 Coupé 2d",5456433,"Østjylland",1971,249900,"https://bilbasen.dk/brugt/bil/volvo/p1800-e/20-coup-2d/5456433","Volvo","P1800",NA,0,"2022-11-08 22:29:38.772658"
"2602",2602,NA,53000,"Ford Mustang 4,7 V8 289cui. aut. 2d",5455217,"Syd- og Sønderjylland",1966,139989,"https://bilbasen.dk/brugt/bil/ford/mustang/47-v8-289cui-aut-2d/5455217","Ford","Mustang",NA,0,"2022-11-08 22:29:38.772658"
"2627",2627,NA,7800,"Ford Granada 2,0  4d",5438142,"Syd- og Sønderjylland",1977,149800,"https://bilbasen.dk/brugt/bil/ford/granada/20-4d/5438142","Ford","Granada",NA,0,"2022-11-08 22:29:38.772658"
"2648",2648,NA,90000,"Ford Capri 1,6 L 3d",5426757,"",1976,139900,"https://bilbasen.dk/brugt/bil/ford/capri/16-l-3d/5426757","Ford","Capri",NA,0,"2022-11-08 22:29:38.772658"
"2660",2660,NA,134000,"Ford Mustang 4,7 V8 289cui. Fastback 2+2 2d",5423370,"Østjylland",1966,449900,"https://bilbasen.dk/brugt/bil/ford/mustang/47-v8-289cui-fastback-22-2d/5423370","Ford","Mustang",NA,0,"2022-11-08 22:29:38.772658"
"2668",2668,NA,137000,"Volvo Amazon 1,6  4d",5418773,"Østjylland",1960,189900,"https://bilbasen.dk/brugt/bil/volvo/amazon/16-4d/5418773","Volvo","Amazon",NA,0,"2022-11-08 22:29:38.772658"
"2717",2717,NA,5000,"Ford A  Tudor Sedan 2d",5358915,"Syd- og Sønderjylland",1930,129800,"https://bilbasen.dk/brugt/bil/ford/a/tudor-sedan-2d/5358915","Ford","A",NA,0,"2022-11-08 22:29:38.772658"
"2748",2748,NA,0,"Volvo P1800 ES 2,0  2d",5294005,"Syd- og Sønderjylland",1971,249800,"https://bilbasen.dk/brugt/bil/volvo/p1800-es/20-2d/5294005","Volvo","P1800",NA,0,"2022-11-08 22:29:38.772658"
"2765",2765,NA,50000,"Volvo Amazon 1,8 121 2d",5260022,"",1968,137000,"https://bilbasen.dk/brugt/bil/volvo/amazon/18-121-2d/5260022","Volvo","Amazon",NA,0,"2022-11-08 22:29:38.772658"
"2797",2797,NA,56000,"Ford Capri 2,3 GT 3d",5107210,"Østjylland",1975,119900,"https://bilbasen.dk/brugt/bil/ford/capri/23-gt-3d/5107210","Ford","Capri",NA,0,"2022-11-08 22:29:38.772658"
"2808",2808,NA,45000,"Ford Taunus 1,6 Savoy aut. 2d",4946482,"Østjylland",1982,69900,"https://bilbasen.dk/brugt/bil/ford/taunus/16-savoy-aut-2d/4946482","Ford","Taunus",NA,0,"2022-11-08 22:29:38.772658"
"2812",2812,NA,138000,"Volvo 480 1,7 ES Turbo 3d",4889293,"Østjylland",1989,69900,"https://bilbasen.dk/brugt/bil/volvo/480/17-es-turbo-3d/4889293","Volvo","480",NA,0,"2022-11-08 22:29:38.772658"
"2817",2817,NA,0,"Volvo P1800 S 1,8  2d",4852553,"Nordsjælland",1966,185000,"https://bilbasen.dk/brugt/bil/volvo/p1800-s/18-2d/4852553","Volvo","P1800",NA,0,"2022-11-08 22:29:38.772658"
"2818",2818,NA,76000,"Ford Granada 2,3 V6 Consul 2d",4717048,"Østjylland",1973,119900,"https://bilbasen.dk/brugt/bil/ford/granada/23-v6-consul-2d/4717048","Ford","Granada",NA,0,"2022-11-08 22:29:38.772658"
"2820",2820,NA,72000,"Volvo PV444 1,4 B14 2d",4530924,"Østjylland",1954,79900,"https://bilbasen.dk/brugt/bil/volvo/pv444/14-b14-2d/4530924","Volvo","PV444",NA,0,"2022-11-08 22:29:38.772658"
"2821",2821,NA,113000,"Volvo 240 2,1 GL 4d",4375575,"Fyn",1980,74999,"https://bilbasen.dk/brugt/bil/volvo/240/21-gl-4d/4375575","Volvo","240",NA,0,"2022-11-08 22:29:38.772658"
"2825",2825,NA,104000,"Ford Escort 1,3 GT 2d",4144332,"Østjylland",1971,149900,"https://bilbasen.dk/brugt/bil/ford/escort/13-gt-2d/4144332","Ford","Escort",NA,0,"2022-11-08 22:29:38.772658"
"2826",2826,NA,147000,"Ford Taunus 2,0 17M RS 2d",4129676,"Østjylland",1971,99900,"https://bilbasen.dk/brugt/bil/ford/taunus/20-17m-rs-2d/4129676","Ford","Taunus",NA,0,"2022-11-08 22:29:38.772658"
"2827",2827,NA,86000,"Ford Zephyr 2,3 Six Saloon 4d",4093027,"Østjylland",1953,59900,"https://bilbasen.dk/brugt/bil/ford/zephyr/23-six-saloon-4d/4093027","Ford","Zephyr",NA,0,"2022-11-08 22:29:38.772658"
"2830",2830,NA,154000,"Ford Taunus 2,0  2d",3201520,"Østjylland",1977,59900,"https://bilbasen.dk/brugt/bil/ford/taunus/20-2d/3201520","Ford","Taunus",NA,0,"2022-11-08 22:29:38.772658"
